
INSERT INTO Emotion (emotion) values ('happy');
INSERT INTO Emotion (emotion) values ('tense');
INSERT INTO Emotion (emotion) values ('sad');
INSERT INTO Emotion (emotion) values ('angry');
--
--INSERT INTO Emotion (emotion) values ('fantasy');
--INSERT INTO Emotion (emotion) values ('scienceFiction');
--INSERT INTO Emotion (emotion) values ('mystery');
--INSERT INTO Emotion (emotion) values ('scary');
--INSERT INTO Emotion (emotion) values ('romance');
--

INSERT INTO Music (fileName, url, genre) values  ('fantasy_angry_BustleBelow', '/home/floread/Music/fantasy_angry_BustleBelow.mp3', 'fantasy');
INSERT INTO MusicEmotion (emotion_id, music_id) values (4, 1);
INSERT INTO Music (fileName, url, genre) values  ('romance_sad_Completion', '/home/floread/Music/romance_sad_Completion.mp3', 'romance');
INSERT INTO MusicEmotion (emotion_id, music_id) values (3, 2);
INSERT INTO Music (fileName, url, genre) values  ('fantasy_angry_Courage', '/home/floread/Music/fantasy_angry_Courage.mp3', 'fantasy');
INSERT INTO MusicEmotion (emotion_id, music_id) values (4, 3);
INSERT INTO Music (fileName, url, genre) values  ('romance_sad_ThanksMemories', '/home/floread/Music/romance_sad_ThanksMemories.mp3', 'romance');
INSERT INTO MusicEmotion (emotion_id, music_id) values (3, 4);
INSERT INTO Music (fileName, url, genre) values  ('fantasy_angry_NoTime', '/home/floread/Music/fantasy_angry_NoTime.mp3', 'fantasy');
INSERT INTO MusicEmotion (emotion_id, music_id) values (4, 5);
INSERT INTO Music (fileName, url, genre) values  ('romance_sad_TidesChange', '/home/floread/Music/romance_sad_TidesChange.mp3', 'romance');
INSERT INTO MusicEmotion (emotion_id, music_id) values (3, 6);
INSERT INTO Music (fileName, url, genre) values  ('fantasy_happy_Journey', '/home/floread/Music/fantasy_happy_Journey.mp3', 'fantasy');
INSERT INTO MusicEmotion (emotion_id, music_id) values (1, 7);
INSERT INTO Music (fileName, url, genre) values  ('romance_tense_Beyond', '/home/floread/Music/romance_tense_Beyond.mp3', 'romance');
INSERT INTO MusicEmotion (emotion_id, music_id) values (2, 8);
INSERT INTO Music (fileName, url, genre) values  ('fantasy_happy_ThousandLove', '/home/floread/Music/fantasy_happy_ThousandLove.mp3', 'fantasy');
INSERT INTO MusicEmotion (emotion_id, music_id) values (1, 9);
INSERT INTO Music (fileName, url, genre) values  ('romance_tense_Revolution', '/home/floread/Music/romance_tense_Revolution.mp3', 'romance');
INSERT INTO MusicEmotion (emotion_id, music_id) values (2, 10);
INSERT INTO Music (fileName, url, genre) values  ('fantasy_happy_WhiteMorning', '/home/floread/Music/fantasy_happy_WhiteMorning.mp3', 'fantasy');
INSERT INTO MusicEmotion (emotion_id, music_id) values (1, 11);
INSERT INTO Music (fileName, url, genre) values  ('romance_tense_TheMotions', '/home/floread/Music/romance_tense_TheMotions.mp3', 'romance');
INSERT INTO MusicEmotion (emotion_id, music_id) values (2, 12);
INSERT INTO Music (fileName, url, genre) values  ('fantasy_sad_FaultinStars', '/home/floread/Music/fantasy_sad_FaultinStars.mp3', 'fantasy');
INSERT INTO MusicEmotion (emotion_id, music_id) values (3, 13);
INSERT INTO Music (fileName, url, genre) values  ('scary_angry_ComingSoon', '/home/floread/Music/scary_angry_ComingSoon.mp3', 'scary');
INSERT INTO MusicEmotion (emotion_id, music_id) values (4, 14);
INSERT INTO Music (fileName, url, genre) values  ('fantasy_sad_RisingAshes', '/home/floread/Music/fantasy_sad_RisingAshes.mp3', 'fantasy');
INSERT INTO MusicEmotion (emotion_id, music_id) values (3, 15);
INSERT INTO Music (fileName, url, genre) values  ('scary_angry_Hypnotize', '/home/floread/Music/scary_angry_Hypnotize.mp3', 'scary');
INSERT INTO MusicEmotion (emotion_id, music_id) values (4, 16);
INSERT INTO Music (fileName, url, genre) values  ('fantasy_sad_Villains', '/home/floread/Music/fantasy_sad_Villains.mp3', 'fantasy');
INSERT INTO MusicEmotion (emotion_id, music_id) values (3, 17);
INSERT INTO Music (fileName, url, genre) values  ('scary_angry_RushingEarth', '/home/floread/Music/scary_angry_RushingEarth.mp3', 'scary');
INSERT INTO MusicEmotion (emotion_id, music_id) values (4, 18);
INSERT INTO Music (fileName, url, genre) values  ('fantasy_tense_Fellowship', '/home/floread/Music/fantasy_tense_Fellowship.mp3', 'fantasy');
INSERT INTO MusicEmotion (emotion_id, music_id) values (2, 19);
INSERT INTO Music (fileName, url, genre) values  ('scary_happy_TheChase', '/home/floread/Music/scary_happy_TheChase.mp3', 'scary');
INSERT INTO MusicEmotion (emotion_id, music_id) values (1, 20);
INSERT INTO Music (fileName, url, genre) values  ('fantasy_tense_Supercluster', '/home/floread/Music/fantasy_tense_Supercluster.mp3', 'fantasy');
INSERT INTO MusicEmotion (emotion_id, music_id) values (2, 21);
INSERT INTO Music (fileName, url, genre) values  ('scary_happy_Trick', '/home/floread/Music/scary_happy_Trick.mp3', 'scary');
INSERT INTO MusicEmotion (emotion_id, music_id) values (1, 22);
INSERT INTO Music (fileName, url, genre) values  ('fantasy_tense_Warriors', '/home/floread/Music/fantasy_tense_Warriors.mp3', 'fantasy');
INSERT INTO MusicEmotion (emotion_id, music_id) values (2, 23);
INSERT INTO Music (fileName, url, genre) values  ('scary_happy_TurtleBlues', '/home/floread/Music/scary_happy_TurtleBlues.mp3', 'scary');
INSERT INTO MusicEmotion (emotion_id, music_id) values (1, 24);
INSERT INTO Music (fileName, url, genre) values  ('mystery_angry_Conquest', '/home/floread/Music/mystery_angry_Conquest.mp3', 'mystery');
INSERT INTO MusicEmotion (emotion_id, music_id) values (4, 25);
INSERT INTO Music (fileName, url, genre) values  ('scary_sad_BlackFlowers', '/home/floread/Music/scary_sad_BlackFlowers.mp3', 'scary');
INSERT INTO MusicEmotion (emotion_id, music_id) values (3, 26);
INSERT INTO Music (fileName, url, genre) values  ('mystery_angry_Monster', '/home/floread/Music/mystery_angry_Monster.mp3', 'mystery');
INSERT INTO MusicEmotion (emotion_id, music_id) values (4, 27);
INSERT INTO Music (fileName, url, genre) values  ('scary_sad_Foreboding', '/home/floread/Music/scary_sad_Foreboding.mp3', 'scary');
INSERT INTO MusicEmotion (emotion_id, music_id) values (3, 28);
INSERT INTO Music (fileName, url, genre) values  ('mystery_angry_Underworld', '/home/floread/Music/mystery_angry_Underworld.mp3', 'mystery');
INSERT INTO MusicEmotion (emotion_id, music_id) values (4, 29);
INSERT INTO Music (fileName, url, genre) values  ('scary_sad_Gnossienne', '/home/floread/Music/scary_sad_Gnossienne.mp3', 'scary');
INSERT INTO MusicEmotion (emotion_id, music_id) values (3, 30);
INSERT INTO Music (fileName, url, genre) values  ('mystery_happy_Persuasion', '/home/floread/Music/mystery_happy_Persuasion.mp3', 'mystery');
INSERT INTO MusicEmotion (emotion_id, music_id) values (1, 31);
INSERT INTO Music (fileName, url, genre) values  ('scary_tense_DarkForest', '/home/floread/Music/scary_tense_DarkForest.mp3', 'scary');
INSERT INTO MusicEmotion (emotion_id, music_id) values (2, 32);
INSERT INTO Music (fileName, url, genre) values  ('mystery_happy_Pieces', '/home/floread/Music/mystery_happy_Pieces.mp3', 'mystery');
INSERT INTO MusicEmotion (emotion_id, music_id) values (1, 33);
INSERT INTO Music (fileName, url, genre) values  ('scary_tense_SleepFalling', '/home/floread/Music/scary_tense_SleepFalling.mp3', 'scary');
INSERT INTO MusicEmotion (emotion_id, music_id) values (2, 34);
INSERT INTO Music (fileName, url, genre) values  ('mystery_happy_TheThing', '/home/floread/Music/mystery_happy_TheThing.mp3', 'mystery');
INSERT INTO MusicEmotion (emotion_id, music_id) values (1, 35);
INSERT INTO Music (fileName, url, genre) values  ('scary_tense_Slithering', '/home/floread/Music/scary_tense_Slithering.mp3', 'scary');
INSERT INTO MusicEmotion (emotion_id, music_id) values (2, 36);
INSERT INTO Music (fileName, url, genre) values  ('mystery_sad_Aftershocks', '/home/floread/Music/mystery_sad_Aftershocks.mp3', 'mystery');
INSERT INTO MusicEmotion (emotion_id, music_id) values (3, 37);
INSERT INTO Music (fileName, url, genre) values  ('scienceFiction_angry_Demolition', '/home/floread/Music/scienceFiction_angry_Demolition.mp3', 'scienceFiction');
INSERT INTO MusicEmotion (emotion_id, music_id) values (4, 38);
INSERT INTO Music (fileName, url, genre) values  ('mystery_sad_AllAlone', '/home/floread/Music/mystery_sad_AllAlone.mp3', 'mystery');
INSERT INTO MusicEmotion (emotion_id, music_id) values (3, 39);
INSERT INTO Music (fileName, url, genre) values  ('scienceFiction_angry_IntoFury', '/home/floread/Music/scienceFiction_angry_IntoFury.mp3', 'scienceFiction');
INSERT INTO MusicEmotion (emotion_id, music_id) values (4, 40);
INSERT INTO Music (fileName, url, genre) values  ('mystery_sad_Slowed', '/home/floread/Music/mystery_sad_Slowed.mp3', 'mystery');
INSERT INTO MusicEmotion (emotion_id, music_id) values (3, 41);
INSERT INTO Music (fileName, url, genre) values  ('scienceFiction_angry_Machete', '/home/floread/Music/scienceFiction_angry_Machete.mp3', 'scienceFiction');
INSERT INTO MusicEmotion (emotion_id, music_id) values (4, 42);
INSERT INTO Music (fileName, url, genre) values  ('mystery_tense_DeadMan', '/home/floread/Music/mystery_tense_DeadMan.mp3', 'mystery');
INSERT INTO MusicEmotion (emotion_id, music_id) values (2, 43);
INSERT INTO Music (fileName, url, genre) values  ('scienceFiction_happy_Between', '/home/floread/Music/scienceFiction_happy_Between.mp3', 'scienceFiction');
INSERT INTO MusicEmotion (emotion_id, music_id) values (1, 44);
INSERT INTO Music (fileName, url, genre) values  ('mystery_tense_Enigmatic', '/home/floread/Music/mystery_tense_Enigmatic.mp3', 'mystery');
INSERT INTO MusicEmotion (emotion_id, music_id) values (2, 45);
INSERT INTO Music (fileName, url, genre) values  ('scienceFiction_happy_BubbleGum', '/home/floread/Music/scienceFiction_happy_BubbleGum.mp3', 'scienceFiction');
INSERT INTO MusicEmotion (emotion_id, music_id) values (1, 46);
INSERT INTO Music (fileName, url, genre) values  ('mystery_tense_Magnus', '/home/floread/Music/mystery_tense_Magnus.mp3', 'mystery');
INSERT INTO MusicEmotion (emotion_id, music_id) values (2, 47);
INSERT INTO Music (fileName, url, genre) values  ('scienceFiction_happy_IAmGood', '/home/floread/Music/scienceFiction_happy_IAmGood.mp3', 'scienceFiction');
INSERT INTO MusicEmotion (emotion_id, music_id) values (1, 48);
INSERT INTO Music (fileName, url, genre) values  ('romance_angry_AllFall', '/home/floread/Music/romance_angry_AllFall.mp3', 'romance');
INSERT INTO MusicEmotion (emotion_id, music_id) values (4, 49);
INSERT INTO Music (fileName, url, genre) values  ('scienceFiction_sad_Excavate', '/home/floread/Music/scienceFiction_sad_Excavate.mp3', 'scienceFiction');
INSERT INTO MusicEmotion (emotion_id, music_id) values (3, 50);
INSERT INTO Music (fileName, url, genre) values  ('romance_angry_Breaking', '/home/floread/Music/romance_angry_Breaking.mp3', 'romance');
INSERT INTO MusicEmotion (emotion_id, music_id) values (4, 51);
INSERT INTO Music (fileName, url, genre) values  ('scienceFiction_sad_Memories', '/home/floread/Music/scienceFiction_sad_Memories.mp3', 'scienceFiction');
INSERT INTO MusicEmotion (emotion_id, music_id) values (3, 52);
INSERT INTO Music (fileName, url, genre) values  ('romance_angry_Wither', '/home/floread/Music/romance_angry_Wither.mp3', 'romance');
INSERT INTO MusicEmotion (emotion_id, music_id) values (4, 53);
INSERT INTO Music (fileName, url, genre) values  ('scienceFiction_sad_Yearning', '/home/floread/Music/scienceFiction_sad_Yearning.mp3', 'scienceFiction');
INSERT INTO MusicEmotion (emotion_id, music_id) values (3, 54);
INSERT INTO Music (fileName, url, genre) values  ('romance_happy_Cheerful', '/home/floread/Music/romance_happy_Cheerful.mp3', 'romance');
INSERT INTO MusicEmotion (emotion_id, music_id) values (1, 55);
INSERT INTO Music (fileName, url, genre) values  ('scienceFiction_tense_Eremite', '/home/floread/Music/scienceFiction_tense_Eremite.mp3', 'scienceFiction');
INSERT INTO MusicEmotion (emotion_id, music_id) values (2, 56);
INSERT INTO Music (fileName, url, genre) values  ('romance_happy_Club', '/home/floread/Music/romance_happy_Club.mp3', 'romance');
INSERT INTO MusicEmotion (emotion_id, music_id) values (1, 57);
INSERT INTO Music (fileName, url, genre) values  ('scienceFiction_tense_HellAwakens', '/home/floread/Music/scienceFiction_tense_HellAwakens.mp3', 'scienceFiction');
INSERT INTO MusicEmotion (emotion_id, music_id) values (2, 58);
INSERT INTO Music (fileName, url, genre) values  ('romance_happy_Sunshine', '/home/floread/Music/romance_happy_Sunshine.mp3', 'romance');
INSERT INTO MusicEmotion (emotion_id, music_id) values (1, 59);
INSERT INTO Music (fileName, url, genre) values  ('scienceFiction_tense_Monos', '/home/floread/Music/scienceFiction_tense_Monos.mp3', 'scienceFiction');
INSERT INTO MusicEmotion (emotion_id, music_id) values (2, 60);